Model,In,Out,Batch,Compiled,Fwd Mean (ms),Fwd Std (ms),Bwd Mean (ms),Bwd Std (ms)
Lorentz_FC (MLR),16,16384,512,False,0.40177208847469753,0.0018464278809066544,0.5091783086458842,0.00218192977923376
Lorentz_FC cached (MLR),16,16384,512,False,0.24031418460336598,0.0013768318619371204,0.4231977649899416,0.0018120551681625344
Lorentz_FC + ReLU,16,16384,512,False,0.43598434202214503,0.003936079215544911,0.5948043614625931,0.001490189137302162
Lorentz_FC cached + ReLU,16,16384,512,False,0.270313243733512,0.0013217842623325245,0.512500622537401,0.0026582110199800074
BdeirLorentzMLR,16,16384,512,False,0.982741329818964,0.005136866956589651,1.8739417689911864,0.0031719660670852935
"ChenLinear (bias=F, norm=F)",16,16384,512,False,0.29445119947195053,0.0012319956265007697,0.513501869307624,0.0025688528500416746
"ChenLinear (bias=T, norm=T)",16,16384,512,False,0.552362664292256,0.005413799095527646,1.2940091807791527,0.003169263794916377
Poincare_Dist2Hyperplanes,16,16384,512,False,0.6656853295862675,0.004701088230025236,1.2358826597531636,0.002879942915709704
Poincare_Linear,16,16384,512,False,1.2372591288193413,0.0038281113637371315,2.9085085696362434,0.003368391219978236
PoincareActivation (ReLU),16,16384,512,False,0.48013061345839986,0.005475984472233432,0.8150220811367035,0.004944295917661683
Euclidean Linear,16,16384,512,False,0.07368442796646281,0.001136700590475897,0.16462434035666446,0.0012355495182988846
Euclidean Linear no bias,16,16384,512,False,0.06467128843069077,0.0007145391801788534,0.12579617487347644,0.001000751081762907
Euclidean Linear + ReLU,16,16384,512,False,0.13200695391582407,0.001364281786233777,0.2350312735546719,0.0011446301806854508
Euclidean Linear no bias + ReLU,16,16384,512,False,0.12239127030426805,0.0008310012734557485,0.20095307802831805,0.0008716739793329163
Lorentz_FC (MLR),32,16384,512,False,0.41601567426506353,0.004550284882605899,0.5810269171541388,0.0017778916921461787
Lorentz_FC cached (MLR),32,16384,512,False,0.25600000506355647,0.0015319304515375074,0.4921443898503373,0.0012769350529888814
Lorentz_FC + ReLU,32,16384,512,False,0.4515839992685521,0.0037845894756329077,0.6704696893692017,0.0022862234286701176
Lorentz_FC cached + ReLU,32,16384,512,False,0.28348509764129465,0.0009749564302243269,0.5816765246183976,0.003026823940125874
BdeirLorentzMLR,32,16384,512,False,0.9895086884498596,0.0029870626129260237,1.9024139150329258,0.003176343519921159
"ChenLinear (bias=F, norm=F)",32,16384,512,False,0.29604977965354917,0.0018472683744631666,0.5814857241653261,0.0016657712713954989
"ChenLinear (bias=T, norm=T)",32,16384,512,False,0.5513259565576594,0.005142440129161244,1.3659927411512895,0.0026959096671609045
Poincare_Dist2Hyperplanes,32,16384,512,False,0.6762539604876904,0.0033443230906603392,1.250793729139411,0.003545585417158163
Poincare_Linear,32,16384,512,False,1.2468535563220149,0.0034452482077025524,2.924288049340248,0.0032279857296150095
PoincareActivation (ReLU),32,16384,512,False,0.4775936013460159,0.005502989521592966,0.8117705583572388,0.004021622581324479
Euclidean Linear,32,16384,512,False,0.08185321529922278,0.0014066690338294374,0.1830288677111916,0.001423305223752603
Euclidean Linear no bias,32,16384,512,False,0.07319272969934074,0.0007070469898927165,0.14427269574092783,0.0017111943898134978
Euclidean Linear + ReLU,32,16384,512,False,0.14003768894407484,0.001124962587452376,0.25481671161121794,0.0013983124961694125
Euclidean Linear no bias + ReLU,32,16384,512,False,0.130706287920475,0.0006636769848535886,0.21813426199166672,0.002439062831170657
Lorentz_FC (MLR),64,16384,512,False,0.4404693307975928,0.0037097304557208526,0.6554055094718934,0.0023742156386000234
Lorentz_FC cached (MLR),64,16384,512,False,0.2807095659815747,0.002531872067867827,0.5567226063373477,0.0019718216364908014
Lorentz_FC + ReLU,64,16384,512,False,0.476639320875736,0.0035900700691119994,0.7444262124122457,0.002521494700584045
Lorentz_FC cached + ReLU,64,16384,512,False,0.31013236059383914,0.0011875907215784874,0.6459847185346815,0.002253367764178201
BdeirLorentzMLR,64,16384,512,False,1.0230442788865832,0.005870143390170408,2.0062435732947455,0.003605185457269728
"ChenLinear (bias=F, norm=F)",64,16384,512,False,0.3042278994874256,0.0007081780785275628,0.6898927637871276,0.0027759743757468976
"ChenLinear (bias=T, norm=T)",64,16384,512,False,0.559215300756952,0.006111375618915615,1.4782836437225342,0.004636814391020343
Poincare_Dist2Hyperplanes,64,16384,512,False,0.7083901319097965,0.004266408100209752,1.347762097483096,0.002753538462705382
Poincare_Linear,64,16384,512,False,1.2753252309301626,0.0035320998563564496,3.0227199842532477,0.004312223617404984
PoincareActivation (ReLU),64,16384,512,False,0.4843102024526012,0.00630883048660026,0.8171276223091852,0.0029853445839396614
Euclidean Linear,64,16384,512,False,0.10995484441518784,0.0007567721712110399,0.2673105434937911,0.0011542869443646629
Euclidean Linear no bias,64,16384,512,False,0.10444799810647964,0.0,0.22678027769853903,0.0009459865361096763
Euclidean Linear + ReLU,64,16384,512,False,0.1685959110657374,0.0011454885317198616,0.338827636431564,0.0012582323274691611
Euclidean Linear no bias + ReLU,64,16384,512,False,0.16167822082837421,0.001017659282013892,0.29891698161760966,0.0010969956393302642
Lorentz_FC (MLR),128,16384,512,False,0.5060303084393765,0.004236925041700551,0.8246225538578901,0.0021119246820754767
Lorentz_FC cached (MLR),128,16384,512,False,0.34125395431074984,0.0013808008386232275,0.6917477305545363,0.0012166025909633408
Lorentz_FC + ReLU,128,16384,512,False,0.5391246120134989,0.003003908715108836,0.9145949022336439,0.0022891430523268213
Lorentz_FC cached + ReLU,128,16384,512,False,0.37026504718739056,0.0011998138738048038,0.7820020810417507,0.003116607943149981
BdeirLorentzMLR,128,16384,512,False,1.0815836622359905,0.004401678113072771,2.171413391828537,0.003976861409517163
"ChenLinear (bias=F, norm=F)",128,16384,512,False,0.36168987446642936,0.0008945988658950125,0.7883662184079488,0.001897052028532605
"ChenLinear (bias=T, norm=T)",128,16384,512,False,0.6067313710848491,0.0030039061564874443,1.574606976610549,0.003590451838083987
Poincare_Dist2Hyperplanes,128,16384,512,False,0.7683921621200887,0.0038054759208118556,1.552275076825568,0.0030481992425710623
Poincare_Linear,128,16384,512,False,1.3351401842158774,0.004194793954296118,3.2245542089989843,0.0033565326390584214
PoincareActivation (ReLU),128,16384,512,False,0.48527151042101335,0.005478371781666034,0.8177570890296589,0.004223853752867978
Euclidean Linear,128,16384,512,False,0.16946009459883668,0.000676079911817201,0.37322473322803323,0.0014230681313539607
Euclidean Linear no bias,128,16384,512,False,0.1650501824915409,0.0006997311743159959,0.33040290529077704,0.0010457153013230102
Euclidean Linear + ReLU,128,16384,512,False,0.22735181242920632,0.0007485314572579378,0.44418327103961597,0.0012323530325301622
Euclidean Linear no bias + ReLU,128,16384,512,False,0.21959923668986275,0.0010289189029967394,0.40182690593329345,0.0010313767540336728
Lorentz_FC (MLR),256,16384,512,False,0.6274133262534937,0.004232188882869686,1.211106258769368,0.0020518586646957448
Lorentz_FC cached (MLR),256,16384,512,False,0.4584106696503503,0.001175357283853474,0.9835633741484748,0.00197409923681847
Lorentz_FC + ReLU,256,16384,512,False,0.6577347998923444,0.003176312350161035,1.3004364282526868,0.002849392604300516
Lorentz_FC cached + ReLU,256,16384,512,False,0.48639999919159466,0.0011892662928461764,1.0704756650057705,0.0022710750177320238
BdeirLorentzMLR,256,16384,512,False,1.211264009277026,0.004842049169937766,2.5884159356355667,0.0033606551948753604
"ChenLinear (bias=F, norm=F)",256,16384,512,False,0.4831721808599389,0.000977703497342114,1.0581704170807549,0.002456458266727216
"ChenLinear (bias=T, norm=T)",256,16384,512,False,0.7230553134627964,0.0022110074956989564,1.845269317428271,0.004301470211321724
Poincare_Dist2Hyperplanes,256,16384,512,False,0.8871480862299601,0.0032248747861627694,1.981962891335183,0.0038999613667565604
Poincare_Linear,256,16384,512,False,1.4540582007550178,0.0037638598626346786,3.6542855475811247,0.004071038498786983
PoincareActivation (ReLU),256,16384,512,False,0.483754667143027,0.004824918293145029,0.8202239957948526,0.0053820921320960865
Euclidean Linear,256,16384,512,False,0.3002463239569997,0.0009253774856242214,0.6420707570181953,0.0013217925170603945
Euclidean Linear no bias,256,16384,512,False,0.29398325640101763,0.0011000940560027947,0.6024145429784601,0.0008889518396344887
Euclidean Linear + ReLU,256,16384,512,False,0.3514062996874464,0.0013075905770337341,0.7151972275713215,0.0017034954751341043
Euclidean Linear no bias + ReLU,256,16384,512,False,0.3447466678089566,0.0013822989572776787,0.6732354773127515,0.0016359933812477628
Lorentz_FC (MLR),512,16384,512,False,0.8604716490144315,0.002238080548187735,2.1621869066928294,0.0029336230390333063
Lorentz_FC cached (MLR),512,16384,512,False,0.6891955733299255,0.0015371987341091273,1.6948981103689775,0.002302681948979701
Lorentz_FC + ReLU,512,16384,512,False,0.9264528751373291,0.002074917834926045,2.2489386250575385,0.0030666111755861414
Lorentz_FC cached + ReLU,512,16384,512,False,0.7138986748953661,0.0012941455783852466,1.7812266498804092,0.0031905382175021813
BdeirLorentzMLR,512,16384,512,False,1.4733994748857286,0.003410614605652646,3.4599652746890452,0.0032423459076362728
"ChenLinear (bias=F, norm=F)",512,16384,512,False,0.7227306800583998,0.0012534100915520528,1.7118293419480324,0.004839040967345576
"ChenLinear (bias=T, norm=T)",512,16384,512,False,0.9637583024958347,0.0026662496387643403,2.5074492109582778,0.004931851214037576
Poincare_Dist2Hyperplanes,512,16384,512,False,1.1248526043362088,0.0036738933819024377,2.873655599096547,0.0036227404601201904
Poincare_Linear,512,16384,512,False,1.6917370376379595,0.004416420352560917,4.547627509908473,0.004784199862636835
PoincareActivation (ReLU),512,16384,512,False,0.4865706687172254,0.006313509520226144,0.8197642443131428,0.005311043019679851
Euclidean Linear,512,16384,512,False,0.5615476207299666,0.0009317885045173478,1.1480821215588113,0.0011558473990479568
Euclidean Linear no bias,512,16384,512,False,0.555622398853302,0.0007601912160986247,1.1017785257763333,0.00107841864281942
Euclidean Linear + ReLU,512,16384,512,False,0.6097351047727797,0.0008236190774633336,1.2176042397816975,0.0011300230075418983
Euclidean Linear no bias + ReLU,512,16384,512,False,0.6022257738643222,0.001186793616839319,1.1742386092310366,0.0013276615087387267
Lorentz_FC (MLR),1024,16384,512,False,1.4364758882116764,0.0027104039891523465,3.334165816611432,0.0025565617046336537
Lorentz_FC cached (MLR),1024,16384,512,False,1.1518079762657483,0.002001113893455814,2.486895369446796,0.0016876680520372814
Lorentz_FC + ReLU,1024,16384,512,False,1.5009745359420776,0.006119042647981296,3.4241629405455156,0.006041557177195707
Lorentz_FC cached + ReLU,1024,16384,512,False,1.1757300988487576,0.0016853826652622507,2.5735346545343813,0.0030861861899024456
BdeirLorentzMLR,1024,16384,512,False,2.045843093953234,0.005922965537682885,5.108387328208761,0.0036725184432805816
"ChenLinear (bias=F, norm=F)",1024,16384,512,False,1.2034143098565036,0.0009253867602135503,2.7724255450228426,0.0031600497032037572
"ChenLinear (bias=T, norm=T)",1024,16384,512,False,1.4675662796548072,0.0031068060691002712,3.570470135262672,0.004540046668559105
Poincare_Dist2Hyperplanes,1024,16384,512,False,1.6711243999765275,0.0033396524146240016,4.263282309187219,0.0031003677877248946
Poincare_Linear,1024,16384,512,False,2.239325079050931,0.0034858004613133363,5.937931174817293,0.0044747093039614995
PoincareActivation (ReLU),1024,16384,512,False,0.4813217958625482,0.005278295053727235,0.8166713471315346,0.004504561780871805
Euclidean Linear,1024,16384,512,False,1.0440224383739716,0.002162540813508108,2.203264072537422,0.002324049786597993
Euclidean Linear no bias,1024,16384,512,False,1.1061160488331572,0.0017243621420549695,2.1554346283276877,0.0022881603867259148
Euclidean Linear + ReLU,1024,16384,512,False,1.0936092270745172,0.0023499077739085254,2.274909963413161,0.002751725350839178
Euclidean Linear no bias + ReLU,1024,16384,512,False,1.1506734517487613,0.0014077194423680716,2.2278536532787565,0.0018587091259150968
Lorentz_FC (MLR),2048,16384,512,False,2.5993508562749748,0.007181464328288125,6.6273906960779305,0.006231894772421703
Lorentz_FC cached (MLR),2048,16384,512,False,2.076149179580364,0.0017783110201254086,5.030357350905736,0.004497451644919513
Lorentz_FC + ReLU,2048,16384,512,False,2.653098608056704,0.00552170148948283,6.708735952774684,0.005402339370291287
Lorentz_FC cached + ReLU,2048,16384,512,False,2.102627301702694,0.0020222641646177194,5.114612828130308,0.004409280822097353
BdeirLorentzMLR,2048,16384,512,False,3.297280023495356,0.005596951962391472,8.486037274201712,0.004888508191138684
"ChenLinear (bias=F, norm=F)",2048,16384,512,False,2.1662052610646123,0.0013274748690374125,4.817646948496501,0.006797222472161989
"ChenLinear (bias=T, norm=T)",2048,16384,512,False,2.398774395597742,0.0025506751306408693,5.618026653925578,0.005714783988855641
Poincare_Dist2Hyperplanes,2048,16384,512,False,2.7608153457226963,0.002350938579826903,7.372421554897143,0.0031552059867384556
Poincare_Linear,2048,16384,512,False,3.325930265670127,0.0037101325728703008,9.047125319639841,0.00444792732037116
PoincareActivation (ReLU),2048,16384,512,False,0.4835328012704849,0.005518210480342943,0.8192871479277916,0.004001387467954849
Euclidean Linear,2048,16384,512,False,2.0092552243446815,0.002635980986591939,4.388714621464412,0.0053208143564738635
Euclidean Linear no bias,2048,16384,512,False,2.1300313109936924,0.002169395080001836,4.335679988066356,0.005957776146024567
Euclidean Linear + ReLU,2048,16384,512,False,2.0566930365055165,0.00310360406937959,4.461812858996184,0.005718128229088805
Euclidean Linear no bias + ReLU,2048,16384,512,False,2.1745372159140453,0.0024390255282129712,4.409216036399205,0.00506692735195549
Lorentz_FC (MLR),4096,16384,512,False,4.919107904239577,0.020513090609290338,11.989930748939514,0.0038133827051730364
Lorentz_FC cached (MLR),4096,16384,512,False,3.8941226998964944,0.004468305633083058,8.900172111835886,0.002917356145453387
Lorentz_FC + ReLU,4096,16384,512,False,4.972415963808696,0.018635485968120046,12.068907615986276,0.003258551775435134
Lorentz_FC cached + ReLU,4096,16384,512,False,3.921288196076738,0.005658379942459395,8.982801161872016,0.003033098893731534
BdeirLorentzMLR,4096,16384,512,False,5.448846861373546,0.0035236111144379694,14.615688578287761,0.0043045601876292704
"ChenLinear (bias=F, norm=F)",4096,16384,512,False,4.073519529298294,0.0012677220045381344,8.561886600826098,0.009073834725572412
"ChenLinear (bias=T, norm=T)",4096,16384,512,False,4.31435175144926,0.0028825376874296216,9.359464528609296,0.010882791437626113
Poincare_Dist2Hyperplanes,4096,16384,512,False,4.874538679917653,0.00637759824328636,13.964223980903625,0.004039047235154203
Poincare_Linear,4096,16384,512,False,5.444949348767598,0.0065545277723427576,15.654171192899664,0.004773554079412505
PoincareActivation (ReLU),4096,16384,512,False,0.4856267753912478,0.005656283296434074,0.8208994015734247,0.0044873273346891255
Euclidean Linear,4096,16384,512,False,3.959696723067242,0.0032816549435480923,8.13739417946857,0.002209217291006462
Euclidean Linear no bias,4096,16384,512,False,3.9354074682508196,0.0007539095746624051,8.088205581015728,0.0034801775096886026
Euclidean Linear + ReLU,4096,16384,512,False,4.007225493995511,0.003041895241572656,8.207359942984073,0.002026162346691955
Euclidean Linear no bias + ReLU,4096,16384,512,False,3.9805226971705756,0.0017266957732222795,8.156714618206024,0.002401205016649395
Lorentz_FC (MLR),8192,16384,512,False,9.537932999280034,0.0487677127935248,23.16688886601874,0.004875899305984831
Lorentz_FC cached (MLR),8192,16384,512,False,7.4863550612267025,0.007841975484762929,17.082240025202434,0.005587741021765199
Lorentz_FC + ReLU,8192,16384,512,False,9.561685303846994,0.04198235258846313,23.233194669087727,0.005515680760254096
Lorentz_FC cached + ReLU,8192,16384,512,False,7.505811112992307,0.007318102504727202,17.153459873605282,0.00465073597804629
BdeirLorentzMLR,8192,16384,512,False,10.176272311109178,0.0054848059158881255,27.5785774751143,0.005332422144829088
"ChenLinear (bias=F, norm=F)",8192,16384,512,False,7.928920973902163,0.002257946576726427,16.598080039024353,0.006209040214473911
"ChenLinear (bias=T, norm=T)",8192,16384,512,False,8.08383991320928,0.003111746601038717,17.387797315915424,0.0071243865392708805
Poincare_Dist2Hyperplanes,8192,16384,512,False,9.112308896106223,0.010793575094736614,26.563823740533056,0.007519572734831165
Poincare_Linear,8192,16384,512,False,9.6769960890425,0.007629763500388919,28.29368656239611,0.005611879595339186
PoincareActivation (ReLU),8192,16384,512,False,0.5129195123302693,0.005072743309626205,1.3073136465890067,0.013924651558942252
Euclidean Linear,8192,16384,512,False,7.8379519780476885,0.0038229176967466997,16.346567069159615,0.005088259860589719
Euclidean Linear no bias,8192,16384,512,False,7.8111346789768765,0.0054946477939179115,16.30845373504016,0.011339323814072788
Euclidean Linear + ReLU,8192,16384,512,False,7.884864022334416,0.00616320302051916,16.42807372735471,0.012364311965086342
Euclidean Linear no bias + ReLU,8192,16384,512,False,7.855936030546824,0.0047602339089404255,16.379136125246685,0.011079156798664907
Lorentz_FC (MLR),16384,16384,512,False,18.710256381910675,0.0980347351517515,44.64419258965386,0.0045384740816204186
Lorentz_FC cached (MLR),16384,16384,512,False,14.690282762050629,0.013506704875251603,32.51816616887631,0.002771849890639858
Lorentz_FC + ReLU,16384,16384,512,False,18.739722543833206,0.11487527720433617,44.68038826800407,0.006296735670876007
Lorentz_FC cached + ReLU,16384,16384,512,False,14.683345491235906,0.006441533228783427,32.55482980479365,0.0031183895414577697
BdeirLorentzMLR,16384,16384,512,False,19.62007466952006,0.008501508265977694,52.097962617874146,0.013427957307079606
"ChenLinear (bias=F, norm=F)",16384,16384,512,False,15.626146815039895,0.0037738441345099133,32.556412807730744,0.0044116725301376536
"ChenLinear (bias=T, norm=T)",16384,16384,512,False,15.865813295046488,0.010448910395712855,33.33241194121692,0.025462447253001674
Poincare_Dist2Hyperplanes,16384,16384,512,False,17.621558372010576,0.017732029415996883,51.10743490854899,0.013947747911870667
Poincare_Linear,16384,16384,512,False,18.18710820571236,0.01397191954851617,52.760853211085,0.01476488716297774
PoincareActivation (ReLU),16384,16384,512,False,0.6706573075177719,0.007122802195432101,2.635211706161499,0.02672271697286006
Euclidean Linear,16384,16384,512,False,15.613889304959045,0.01320694713933062,31.334869424502056,0.021820525019575387
Euclidean Linear no bias,16384,16384,512,False,15.590912016955288,0.003771732527195922,31.295968697995555,0.015216749103985624
Euclidean Linear + ReLU,16384,16384,512,False,15.662079919468272,0.004484847396385987,31.409685293833416,0.011242517635250112
Euclidean Linear no bias + ReLU,16384,16384,512,False,15.636082882783851,0.005642178825976766,31.365956014516403,0.0123602593193851
Lorentz_FC (MLR),16384,16,512,False,0.34498133324086666,0.0033977666527909745,0.49169429692816224,0.005349376157837059
Lorentz_FC cached (MLR),16384,16,512,False,0.18439314195087977,0.0007866403905477826,0.33391502102216086,0.002091037358618117
Lorentz_FC + ReLU,16384,16,512,False,0.3646747241628931,0.0017369796202066526,0.5477034635014004,0.0015049742324169143
Lorentz_FC cached + ReLU,16384,16,512,False,0.20514133114081162,0.0010710566792207013,0.35539336153801454,0.0027976030681505604
BdeirLorentzMLR,16384,16,512,False,0.5406720042228699,0.0052172926977589506,1.100885344048341,0.004252126314815336
"ChenLinear (bias=F, norm=F)",16384,16,512,False,0.22105327597323884,0.0034813234857085248,0.37312816939455395,0.00350008941854787
"ChenLinear (bias=T, norm=T)",16384,16,512,False,0.4948906674981117,0.0054904251773701795,0.742314662784338,0.006089839599963776
Poincare_Dist2Hyperplanes,16384,16,512,False,0.48269617367298046,0.005490294666663999,1.1241123422663262,0.0053614265392439775
Poincare_Linear,16384,16,512,False,0.8829058687737648,0.0059669178450355706,1.578848695755005,0.006537061457163932
PoincareActivation (ReLU),16384,16,512,False,0.6594995754830381,0.0022150195901042393,2.5952081426661064,0.0031654025535841957
Euclidean Linear,16384,16,512,False,0.10032924148771498,0.0012304843137372168,0.2152578741946119,0.0019581856492079646
Euclidean Linear no bias,16384,16,512,False,0.09723642817203035,0.0009197199030939873,0.2108276364478198,0.000662761645064926
Euclidean Linear + ReLU,16384,16,512,False,0.10885358099327531,0.0008980105653203946,0.23512783012491592,0.0013616590743438645
Euclidean Linear no bias + ReLU,16384,16,512,False,0.10627339002878769,0.0007369661645249989,0.2296552722426978,0.0008557280598075855
Lorentz_FC (MLR),16384,32,512,False,0.35726469172083813,0.0035229208342775022,0.49866667079428834,0.0057300202178079
Lorentz_FC cached (MLR),16384,32,512,False,0.1922327276657928,0.0010994988011387228,0.35421495398749475,0.0020901496154755294
Lorentz_FC + ReLU,16384,32,512,False,0.3665009796619415,0.0014771835548542864,0.5524588924773196,0.0028721137127288836
Lorentz_FC cached + ReLU,16384,32,512,False,0.2076373320693771,0.003849885307688803,0.36894958518272225,0.001841549443099726
BdeirLorentzMLR,16384,32,512,False,0.5414034261995432,0.005558854687254731,1.1042641680291359,0.0036559533898874617
"ChenLinear (bias=F, norm=F)",16384,32,512,False,0.222677331417799,0.0038255143881431005,0.41371826050074206,0.0033725761053440195
"ChenLinear (bias=T, norm=T)",16384,32,512,False,0.49220963217774216,0.005098589647332978,0.7932373310128847,0.004750343773941578
Poincare_Dist2Hyperplanes,16384,32,512,False,0.484373331690828,0.005206685844067392,1.1202297424658751,0.0022300651535229897
Poincare_Linear,16384,32,512,False,0.8829773910667585,0.005525404362924918,1.5818128663560618,0.005386592511558825
PoincareActivation (ReLU),16384,32,512,False,0.6602938229387457,0.0014194347218709994,2.594402008868278,0.003166152275901993
Euclidean Linear,16384,32,512,False,0.1602559986969699,0.001396060340465211,0.23249157438886928,0.0028493850042763417
Euclidean Linear no bias,16384,32,512,False,0.09886052184130835,0.0009234878441206988,0.2255419520444648,0.0007679766898108854
Euclidean Linear + ReLU,16384,32,512,False,0.16942545636133713,0.000858255881826047,0.25101963633840735,0.001441408107056703
Euclidean Linear no bias + ReLU,16384,32,512,False,0.10823854482309385,0.0007419667197114185,0.24480581452900713,0.0011002373086755949
Lorentz_FC (MLR),16384,64,512,False,0.4005205339855618,0.000879549502121356,0.5276432379763177,0.0013309704076087006
Lorentz_FC cached (MLR),16384,64,512,False,0.23790191567462424,0.0007413230448191231,0.41599375954488427,0.0011703955822783185
Lorentz_FC + ReLU,16384,64,512,False,0.36955951063000425,0.003091062744737976,0.5461730111476987,0.0021864816630681864
Lorentz_FC cached + ReLU,16384,64,512,False,0.20107158712851694,0.0011706935931858626,0.4350094892257868,0.0017839827211527698
BdeirLorentzMLR,16384,64,512,False,0.5388956799799082,0.005277553299434028,1.1044384672286662,0.004127498552567731
"ChenLinear (bias=F, norm=F)",16384,64,512,False,0.22099591852450856,0.003945231583857148,0.4748309787283552,0.003167928653543892
"ChenLinear (bias=T, norm=T)",16384,64,512,False,0.49528163245746065,0.005259731404729254,0.8484384620443304,0.0045541101694380965
Poincare_Dist2Hyperplanes,16384,64,512,False,0.47877224306670985,0.005225743444847354,1.118839826989681,0.004158437484121377
Poincare_Linear,16384,64,512,False,0.8796387553215027,0.005988387142887691,1.5830372157304182,0.004251130770535887
PoincareActivation (ReLU),16384,64,512,False,0.659478265306224,0.0018053232008278179,2.595263972878456,0.0032375644589304788
Euclidean Linear,16384,64,512,False,0.16584347901136978,0.0038608342275776135,0.30487272482026706,0.0014376438541288004
Euclidean Linear no bias,16384,64,512,False,0.12932654775001787,0.0009153608825129633,0.29043756554956024,0.0010538101659789503
Euclidean Linear + ReLU,16384,64,512,False,0.17521530454573425,0.003260815919826448,0.3243519975380464,0.001198266610623284
Euclidean Linear no bias + ReLU,16384,64,512,False,0.13856581700119106,0.0008670461150936663,0.30947555436028373,0.0011603103512677322
Lorentz_FC (MLR),16384,128,512,False,0.45591466687619686,0.003693502258168681,0.6880565521328948,0.0015985653741785752
Lorentz_FC cached (MLR),16384,128,512,False,0.2881279930472374,0.0008471230962329502,0.5333514885699495,0.0021331450828552282
Lorentz_FC + ReLU,16384,128,512,False,0.3950679156374424,0.0028468816788750494,0.7014400092038241,0.0022048918906138284
Lorentz_FC cached + ReLU,16384,128,512,False,0.22187408351379892,0.0008004630557874648,0.5484718211153721,0.002814687861922829
BdeirLorentzMLR,16384,128,512,False,0.5663555909176262,0.0043338003438630375,1.1811944538233232,0.004816864727902869
"ChenLinear (bias=F, norm=F)",16384,128,512,False,0.28609163652766834,0.000905846340359111,0.5915452013624475,0.0032867609287684416
"ChenLinear (bias=T, norm=T)",16384,128,512,False,0.4982282458519449,0.005635557780667713,0.9701333356400331,0.006478836965603251
Poincare_Dist2Hyperplanes,16384,128,512,False,0.49381877512347944,0.004160951665513514,1.2646826629837353,0.005166548206340777
Poincare_Linear,16384,128,512,False,0.8814142462683887,0.004688629307875439,1.7285851523989724,0.0031710995341487384
PoincareActivation (ReLU),16384,128,512,False,0.6594560044877072,0.0018414996395704525,2.594009835669335,0.0030606450581953213
Euclidean Linear,16384,128,512,False,0.2299391996115446,0.0008552086726301715,0.4203054518862204,0.0009378591550114763
Euclidean Linear no bias,16384,128,512,False,0.21564509347081184,0.0008261005291969129,0.40962327136234805,0.001012026426440105
Euclidean Linear + ReLU,16384,128,512,False,0.23748266883194447,0.004179591215589553,0.4391497125228246,0.0010378361663366965
Euclidean Linear no bias + ReLU,16384,128,512,False,0.22436730304489966,0.0010509868842516993,0.42912426590919495,0.0012096864142576585
Lorentz_FC (MLR),16384,256,512,False,0.5891626688341299,0.0035625428093822476,1.0382247256196064,0.002039394210757829
Lorentz_FC cached (MLR),16384,256,512,False,0.420772973034117,0.0009113553154742278,0.7913386610647043,0.002428252558516849
Lorentz_FC + ReLU,16384,256,512,False,0.528085338572661,0.0028959933206442307,1.056896003584067,0.004723283030778815
Lorentz_FC cached + ReLU,16384,256,512,False,0.3557566480581151,0.0006710348244765201,0.8104106734196345,0.003439887838625324
BdeirLorentzMLR,16384,256,512,False,0.7276586753626665,0.004573444003488435,1.5876597603973077,0.0038429317003298375
"ChenLinear (bias=F, norm=F)",16384,256,512,False,0.4369136344413368,0.0019559400979119643,0.8555624485015869,0.0117868931798605
"ChenLinear (bias=T, norm=T)",16384,256,512,False,0.5581353580629503,0.00313089939033364,1.2393325688887615,0.012648417570980244
Poincare_Dist2Hyperplanes,16384,256,512,False,0.6446193854014078,0.0031699762960258086,1.6666240071256955,0.004588535327539011
Poincare_Linear,16384,256,512,False,0.8813958068688711,0.005154306133185036,2.1320135328504772,0.004408155305323177
PoincareActivation (ReLU),16384,256,512,False,0.659933873017629,0.0014254418628410505,2.59473063548406,0.0039374028220796435
Euclidean Linear,16384,256,512,False,0.3719418803039862,0.008293936253892057,0.6806928670924642,0.0011971389913273043
Euclidean Linear no bias,16384,256,512,False,0.36119893723064,0.0008191988976296681,0.6629003448919817,0.0009539052256626752
Euclidean Linear + ReLU,16384,256,512,False,0.38227200011412305,0.008374385124926068,0.6992869927332952,0.0006876978913793496
Euclidean Linear no bias + ReLU,16384,256,512,False,0.37077704525512195,0.0011058944979380038,0.6820316328558811,0.0011883146910706109
Lorentz_FC (MLR),16384,512,512,False,0.8670321689711676,0.00200920817588774,1.7647359718879063,0.003406679551542939
Lorentz_FC cached (MLR),16384,512,512,False,0.6692083818571908,0.0007490740632176814,1.2818618037483909,0.001485095806415963
Lorentz_FC + ReLU,16384,512,512,False,0.8252327053443246,0.001864197816104304,1.7768403524937837,0.003852911294496238
Lorentz_FC cached + ReLU,16384,512,512,False,0.6109050460483717,0.000694387432391448,1.2995649347914027,0.0036418147465387793
BdeirLorentzMLR,16384,512,512,False,1.0405432966020371,0.0038128766796985763,2.443925345937411,0.004260668180226536
"ChenLinear (bias=F, norm=F)",16384,512,512,False,0.8718161823901724,0.0017232544937805774,1.371029334763686,0.003809939625839296
"ChenLinear (bias=T, norm=T)",16384,512,512,False,1.0172373255093892,0.003824279735473486,1.7604956525437376,0.005439911451057369
Poincare_Dist2Hyperplanes,16384,512,512,False,0.9303893273075422,0.0032302926976083826,2.493717283010483,0.005207731979364419
Poincare_Linear,16384,512,512,False,1.03816172417174,0.0028443749386083345,2.9598497307818867,0.005475944909390734
PoincareActivation (ReLU),16384,512,512,False,0.6574747795644014,0.0017659213830130136,2.5941481382950493,0.0030212749147251225
Euclidean Linear,16384,512,512,False,0.5562716557624492,0.005505146167708002,1.1702093611592832,0.0012434339728145517
Euclidean Linear no bias,16384,512,512,False,0.671999990940094,0.0007909364297705976,1.1511664945025777,0.001173875922077103
Euclidean Linear + ReLU,16384,512,512,False,0.5657813313106695,0.004058438402633866,1.1917181420833507,0.0016757895901134434
Euclidean Linear no bias + ReLU,16384,512,512,False,0.6817443446910127,0.001253482403487418,1.1701589028040569,0.001517314048782744
Lorentz_FC (MLR),16384,1024,512,False,1.4785688557523362,0.003639292593752465,3.1470778313550083,0.002328591961188551
Lorentz_FC cached (MLR),16384,1024,512,False,1.1793865853167596,0.0015589614983742871,2.295741293741309,0.0019499704540301066
Lorentz_FC + ReLU,16384,1024,512,False,1.4412160068750381,0.002626620337802854,3.1572052935759225,0.0038083725872146428
Lorentz_FC cached + ReLU,16384,1024,512,False,1.1176437869363902,0.0016297588281845548,2.310077164484107,0.002721042121996578
BdeirLorentzMLR,16384,1024,512,False,1.3979306742548943,0.0034111849250414144,4.01858992272235,0.004970380894645871
"ChenLinear (bias=F, norm=F)",16384,1024,512,False,1.1370026220877965,0.0009227815866264097,2.3875291542131074,0.011460842709539298
"ChenLinear (bias=T, norm=T)",16384,1024,512,False,1.7663782023368997,0.010755346152904353,2.7819520135720572,0.011476284435156716
Poincare_Dist2Hyperplanes,16384,1024,512,False,1.5185920000076294,0.002635148769595867,4.10126934448878,0.005115647046687451
Poincare_Linear,16384,1024,512,False,1.6361071311909219,0.0033433307938501963,4.56370094548101,0.005987785750886948
PoincareActivation (ReLU),16384,1024,512,False,0.6600989851840707,0.0014144694028735026,2.5953057123267134,0.0022367636834439244
Euclidean Linear,16384,1024,512,False,1.4696907607876524,0.0025466567361533484,2.1584639847278595,0.0017813149606269816
Euclidean Linear no bias,16384,1024,512,False,0.9968997378681981,0.0008068663248483944,2.1299840062856674,0.0018270990225508436
Euclidean Linear + ReLU,16384,1024,512,False,1.48377597575285,0.002844136623458443,2.1784746001164117,0.0020568311491528375
Euclidean Linear no bias + ReLU,16384,1024,512,False,1.0083283859750498,0.0014302401202481393,2.1481993959305132,0.0015804502426891847
Lorentz_FC (MLR),16384,2048,512,False,2.8944853295882544,0.010012355042694553,5.899992179870606,0.003491820665071074
Lorentz_FC cached (MLR),16384,2048,512,False,2.3502506762742996,0.005247853107583376,4.316574015515916,0.0023678782559988336
Lorentz_FC + ReLU,16384,2048,512,False,2.8561493257681527,0.010052592103650297,5.909743704694383,0.0037740988680841176
Lorentz_FC cached + ReLU,16384,2048,512,False,2.293114475581957,0.004967968487007614,4.331924804421359,0.0036498567307480735
BdeirLorentzMLR,16384,2048,512,False,2.5655039846897125,0.002198488937028628,7.174666433918233,0.0054543750175744905
"ChenLinear (bias=F, norm=F)",16384,2048,512,False,2.6245759576559067,0.005835520307389551,4.414583128552104,0.0035554808860732037
"ChenLinear (bias=T, norm=T)",16384,2048,512,False,2.5875839591026306,0.004657044772400346,4.815784910891918,0.006318812501889363
Poincare_Dist2Hyperplanes,16384,2048,512,False,2.829909364382426,0.004878909883667218,7.168217922778839,0.005405803682034177
Poincare_Linear,16384,2048,512,False,2.965024638683238,0.005536010759639873,7.638574567708102,0.0049613293872801814
PoincareActivation (ReLU),16384,2048,512,False,0.6614594744599384,0.001524165951761523,2.59610710973325,0.002954267183425705
Euclidean Linear,16384,2048,512,False,2.3927680353323617,0.005358279243223769,4.130990312454548,0.003308434045878283
Euclidean Linear no bias,16384,2048,512,False,1.9768647133035864,0.0014458693808483403,4.0956373910109205,0.002614779126470406
Euclidean Linear + ReLU,16384,2048,512,False,2.4080927128694496,0.006068879763326316,4.149909357229869,0.003018154135013827
Euclidean Linear no bias + ReLU,16384,2048,512,False,1.9902638450581978,0.0007179931787110911,4.118101318677266,0.0023633354465214837
Lorentz_FC (MLR),16384,4096,512,False,4.99663934902269,0.019594726319598136,11.405579090118408,0.003663831451205808
Lorentz_FC cached (MLR),16384,4096,512,False,3.9520886677962084,0.0007981318503109126,8.359633445739746,0.0026159004090048096
Lorentz_FC + ReLU,16384,4096,512,False,4.958016047875087,0.017666622399681656,11.415997214939283,0.005708004574731628
Lorentz_FC cached + ReLU,16384,4096,512,False,3.901419007048315,0.0018093474491298032,8.374010451296543,0.0038342157870242047
BdeirLorentzMLR,16384,4096,512,False,5.491839994986852,0.010336895002963548,13.461830849343158,0.00586568997491227
"ChenLinear (bias=F, norm=F)",16384,4096,512,False,4.574249793072136,0.009200788661369393,8.366535017225477,0.002995675440272591
"ChenLinear (bias=T, norm=T)",16384,4096,512,False,4.612764689387108,0.004150753670865236,8.772978315962122,0.004720633075724659
Poincare_Dist2Hyperplanes,16384,4096,512,False,4.728832001381732,0.0036156745997151466,13.185045810455971,0.004498221574789842
Poincare_Linear,16384,4096,512,False,4.899263978004456,0.0050031015507384785,13.653994619846344,0.004764016854715991
PoincareActivation (ReLU),16384,4096,512,False,0.6595227873843649,0.0017659156661128477,2.5945043149201767,0.0026571886279215286
Euclidean Linear,16384,4096,512,False,4.3842678402745445,0.0026071477973804353,8.028076385965152,0.005646103926041903
Euclidean Linear no bias,16384,4096,512,False,4.2917720638975805,0.003710410118090766,7.992048321938028,0.007386463967659295
Euclidean Linear + ReLU,16384,4096,512,False,4.402134223860138,0.004616520382738893,8.047950355374084,0.006989237473200132
Euclidean Linear no bias + ReLU,16384,4096,512,False,4.307696332736891,0.0036762735292009316,8.012820983419614,0.008503362487246114
Lorentz_FC (MLR),16384,8192,512,False,10.000448028246561,0.046573419102705446,22.33289400736491,0.005303765044047273
Lorentz_FC cached (MLR),16384,8192,512,False,7.963843039103916,0.003114327050013857,16.35750077410442,0.0031437294241940857
Lorentz_FC + ReLU,16384,8192,512,False,9.969109376271566,0.04711648974915857,22.378026684125263,0.008931879604116644
Lorentz_FC cached + ReLU,16384,8192,512,False,7.91483736038208,0.004951090214689638,16.406151752082668,0.008325854754776948
BdeirLorentzMLR,16384,8192,512,False,10.45693553762233,0.0114865582972356,26.32979194323222,0.010253175630668703
"ChenLinear (bias=F, norm=F)",16384,8192,512,False,8.640947707155918,0.015719265209209802,16.441898743311565,0.00874650223268743
"ChenLinear (bias=T, norm=T)",16384,8192,512,False,8.17396506484674,0.009944804664364914,16.881434148671676,0.009546117811361627
Poincare_Dist2Hyperplanes,16384,8192,512,False,9.37049325983575,0.007392074564253252,25.502357443173725,0.010595472269861758
Poincare_Linear,16384,8192,512,False,9.633066674073538,0.006916618088972623,26.302784005800884,0.01168683269552751
PoincareActivation (ReLU),16384,8192,512,False,0.6634684144234171,0.007681981480351044,2.60969531292818,0.02595662364951444
Euclidean Linear,16384,8192,512,False,7.7603412965933485,0.007659884317285831,15.79435031972033,0.012224873653715433
Euclidean Linear no bias,16384,8192,512,False,8.329433846980967,0.0032923477455265217,15.762076728197993,0.010347180575519688
Euclidean Linear + ReLU,16384,8192,512,False,7.784576008717219,0.006674486448593671,15.82314662138621,0.01332502877306169
Euclidean Linear no bias + ReLU,16384,8192,512,False,8.349236332640356,0.006223878191635589,15.786192932907415,0.012772930238345652
Lorentz_FC (MLR),16384,16384,512,False,18.6959787607193,0.09172136207462284,44.648134114790935,0.006902526090131826
Lorentz_FC cached (MLR),16384,16384,512,False,14.684595737051456,0.010803422786138165,32.5177516531437,0.003582318058542984
Lorentz_FC + ReLU,16384,16384,512,False,18.713866233825684,0.09274410073532663,44.68236796061198,0.007278751159700915
Lorentz_FC cached + ReLU,16384,16384,512,False,14.68940806388855,0.012994195678003358,32.55635773051869,0.004640587522311774
BdeirLorentzMLR,16384,16384,512,False,19.620730607405953,0.008165823400234883,52.10649077746333,0.016393879927932307
"ChenLinear (bias=F, norm=F)",16384,16384,512,False,15.622165381908417,0.01113423341340312,32.54237182617187,0.027245323100607954
"ChenLinear (bias=T, norm=T)",16384,16384,512,False,15.861362904918437,0.011220833955119205,33.32543213513433,0.027583071451523944
Poincare_Dist2Hyperplanes,16384,16384,512,False,17.6144559332665,0.014297955146395635,51.10022393862406,0.016577711877617446
Poincare_Linear,16384,16384,512,False,18.18384328801581,0.01590632044118518,52.76053333282471,0.01571124825071864
PoincareActivation (ReLU),16384,16384,512,False,0.6698213888674366,0.00725739626056549,2.637197027401048,0.02707416435743079
Euclidean Linear,16384,16384,512,False,15.620514071717555,0.0078802167340033,31.344034000318878,0.01627497540206259
Euclidean Linear no bias,16384,16384,512,False,15.586892330900152,0.0036814822506169255,31.292650540669758,0.015042647953649414
Euclidean Linear + ReLU,16384,16384,512,False,15.667456090450287,0.008903817311304357,31.415274659792583,0.015593562269844468
Euclidean Linear no bias + ReLU,16384,16384,512,False,15.630871165882457,0.0033000128613595915,31.370538592338562,0.01683896381290267
Lorentz_FC (MLR),16384,16384,2,False,4.866925726131517,0.07428489151016329,16.24368930392795,0.006976894400131207
Lorentz_FC cached (MLR),16384,16384,2,False,0.888093770936478,0.002796286846719157,4.10876579284668,0.005102234402491356
Lorentz_FC + ReLU,16384,16384,2,False,4.889469268474173,0.09470841754698935,16.305530631023906,0.0086373468219976
Lorentz_FC cached + ReLU,16384,16384,2,False,0.8596712703054602,0.0054030324313559626,4.1781930393642845,0.004682163689510907
BdeirLorentzMLR,16384,16384,2,False,4.1525203974350635,0.004612345915050724,23.295176298721977,0.008265662769436917
"ChenLinear (bias=F, norm=F)",16384,16384,2,False,1.031563639640808,0.007108622075419662,4.203659664500844,0.01003450626415746
"ChenLinear (bias=T, norm=T)",16384,16384,2,False,1.1722979651557075,0.008475217897185094,4.5784632682800295,0.010770039305031842
Poincare_Dist2Hyperplanes,16384,16384,2,False,3.638784034685655,0.0055596146604224754,21.864638439444608,0.008447722356001842
Poincare_Linear,16384,16384,2,False,3.74330181425268,0.006496139895338161,22.326681688096787,0.007603111364203505
PoincareActivation (ReLU),16384,16384,2,False,0.47974400103092196,0.005933017024178743,0.8126720028618971,0.004168039113393508
Euclidean Linear,16384,16384,2,False,0.9655367496401764,0.003168239921739336,3.896367671877839,0.0032752123616032226
Euclidean Linear no bias,16384,16384,2,False,0.9642507946768473,0.003628016098870794,3.8977726392967758,0.0033289478548813364
Euclidean Linear + ReLU,16384,16384,2,False,0.9763720950414968,0.003597561775692283,3.9164742014624854,0.004299129761528073
Euclidean Linear no bias + ReLU,16384,16384,2,False,0.9739192544027816,0.003113896743095948,3.905558697382609,0.005355759211794675
Lorentz_FC (MLR),16384,16384,4,False,4.918522747195497,0.07733866801338139,16.61032537619273,0.008190670307221782
Lorentz_FC cached (MLR),16384,16384,4,False,0.9432945112849391,0.0033437992277160463,4.470260704888238,0.003895523304959972
Lorentz_FC + ReLU,16384,16384,4,False,4.953002641598384,0.10052938336425629,16.67654537624783,0.007233650889911045
Lorentz_FC cached + ReLU,16384,16384,4,False,0.9105180382728577,0.004137259027660619,4.53588768641154,0.005110805653664653
BdeirLorentzMLR,16384,16384,4,False,4.508404959803042,0.003133887048343359,23.353232798369035,0.007394042179309716
"ChenLinear (bias=F, norm=F)",16384,16384,4,False,1.3963946872287327,0.0022330715231923025,4.220336363050673,0.011002351431177313
"ChenLinear (bias=T, norm=T)",16384,16384,4,False,1.091652266184489,0.009611786301183676,4.608364105224609,0.009151675516814372
Poincare_Dist2Hyperplanes,16384,16384,4,False,3.6851664944128557,0.00547790078153121,22.22082265218099,0.007255335716597573
Poincare_Linear,16384,16384,4,False,3.7903473907046847,0.006603318855993327,22.694609555331144,0.00889127429320542
PoincareActivation (ReLU),16384,16384,4,False,0.47856326674928473,0.005031679605566301,0.8148693355421225,0.004826757173799077
Euclidean Linear,16384,16384,4,False,0.9200759058774903,0.005869455776429891,3.955013860355724,0.0050107085264052345
Euclidean Linear no bias,16384,16384,4,False,1.3255679688670419,0.0019587840820390573,3.9464261911132117,0.004178960909390529
Euclidean Linear + ReLU,16384,16384,4,False,0.9320781397265058,0.006759474776842187,3.9776581905104895,0.004313656545628555
Euclidean Linear no bias + ReLU,16384,16384,4,False,1.331928186946445,0.0017752385646925342,3.9626979351043703,0.005209236032304411
Lorentz_FC (MLR),16384,16384,8,False,4.941071675748241,0.09400303864054846,16.61726309328663,0.007671263045538358
Lorentz_FC cached (MLR),16384,16384,8,False,0.9531796303662387,0.0033306641015995882,4.482070732116699,0.00351083033165531
Lorentz_FC + ReLU,16384,16384,8,False,4.951562881469727,0.0934979436608351,16.67403693821119,0.0056296120495459645
Lorentz_FC cached + ReLU,16384,16384,8,False,0.9207621853459965,0.004739414126179001,4.545072725840977,0.0036662969770964986
BdeirLorentzMLR,16384,16384,8,False,4.518616135915121,0.002419586056561624,23.369285756891426,0.00910521226868458
"ChenLinear (bias=F, norm=F)",16384,16384,8,False,1.4304814745079388,0.002193549796616474,4.23419346592643,0.010193267169170076
"ChenLinear (bias=T, norm=T)",16384,16384,8,False,1.6705001670381296,0.007162325642178893,4.623312373493993,0.007121775890976765
Poincare_Dist2Hyperplanes,16384,16384,8,False,3.69671144596366,0.007454515835571244,22.239255211570047,0.007918400332125543
Poincare_Linear,16384,16384,8,False,3.7990400303493845,0.005680434450862054,22.699426954442803,0.008143308037429617
PoincareActivation (ReLU),16384,16384,8,False,0.4792528985714426,0.00540461854511842,0.8154961682380514,0.004611278851003267
Euclidean Linear,16384,16384,8,False,1.3971455997890896,0.005164863827662349,3.9689784632788765,0.005958997356238005
Euclidean Linear no bias,16384,16384,8,False,1.3328611718283758,0.0014687584648881628,3.9546880451115696,0.004871939925548943
Euclidean Linear + ReLU,16384,16384,8,False,1.4023680009625175,0.005196226398755996,3.990710073047214,0.004302849303910548
Euclidean Linear no bias + ReLU,16384,16384,8,False,1.3430328634050157,0.0015042896529104438,3.972596597671509,0.004916278141353811
Lorentz_FC (MLR),16384,16384,16,False,5.08461975564762,0.0881861438545315,16.45179744561513,0.006526591003665879
Lorentz_FC cached (MLR),16384,16384,16,False,1.0744929171743847,0.0018627129570021625,4.320164987776015,0.004014440653216929
Lorentz_FC + ReLU,16384,16384,16,False,5.075612768834951,0.0947270741706844,16.516852834950324,0.007057270184460588
Lorentz_FC cached + ReLU,16384,16384,16,False,1.0370793017474087,0.0007195807441897242,4.384535236792131,0.00469685694885474
BdeirLorentzMLR,16384,16384,16,False,4.386482000350952,0.004017628386973076,23.483801396687827,0.005826204205364792
"ChenLinear (bias=F, norm=F)",16384,16384,16,False,1.1763256973690457,0.0034953408939509593,4.332846489819613,0.0076304645192881125
"ChenLinear (bias=T, norm=T)",16384,16384,16,False,1.4028117285834418,0.002801405666293752,4.732260133909143,0.00781376169444889
Poincare_Dist2Hyperplanes,16384,16384,16,False,3.815566850263019,0.0061977172314718705,22.06589685786854,0.007149214621169362
Poincare_Linear,16384,16384,16,False,3.9239913062615828,0.006946758758587331,22.526813116940584,0.007922627689056936
PoincareActivation (ReLU),16384,16384,16,False,0.47963733536501724,0.0058217334921485285,0.8135447271845557,0.0034206142176345087
Euclidean Linear,16384,16384,16,False,1.2037916315926447,0.001773487548092153,4.095522212982178,0.002925146166855258
Euclidean Linear no bias,16384,16384,16,False,1.1505436473422581,0.0019367297331058955,4.072311464945475,0.002811278958433785
Euclidean Linear + ReLU,16384,16384,16,False,1.214964599079556,0.001962245224811159,4.116736000234431,0.0018541049415677217
Euclidean Linear no bias + ReLU,16384,16384,16,False,1.1593955622778997,0.0026074927695872445,4.090697998470731,0.00287445617578239
Lorentz_FC (MLR),16384,16384,32,False,5.406869341929753,0.0829045190393076,16.789787251898584,0.0069760229664479634
Lorentz_FC cached (MLR),16384,16384,32,False,1.419194140217521,0.001261683373958544,4.654899258083767,0.003102965647780134
Lorentz_FC + ReLU,16384,16384,32,False,5.4347093005975085,0.10048411917932984,16.850711345672607,0.005873709149383138
Lorentz_FC cached + ReLU,16384,16384,32,False,1.3834012773301867,0.0016225127225818405,4.718432733747695,0.004354994216703278
BdeirLorentzMLR,16384,16384,32,False,4.44998541937934,0.005291510033225338,24.147603861490886,0.00574470481848521
"ChenLinear (bias=F, norm=F)",16384,16384,32,False,1.1907299465603298,0.00510081203837821,4.906852234964785,0.004354819717683764
"ChenLinear (bias=T, norm=T)",16384,16384,32,False,1.7443617478660915,0.002830522604801108,5.310395760006375,0.006141739460283023
Poincare_Dist2Hyperplanes,16384,16384,32,False,4.174562176992727,0.005397433885279011,22.390664832536565,0.006239380995468826
Poincare_Linear,16384,16384,32,False,4.290673764546712,0.005916800962187661,22.8568434715271,0.006153897198898163
PoincareActivation (ReLU),16384,16384,32,False,0.4800470197687344,0.00566554357609864,0.8138453339536985,0.004459788922826601
Euclidean Linear,16384,16384,32,False,1.5431679831610785,0.0024989437492594826,4.74450367429982,0.0023571533786905124
Euclidean Linear no bias,16384,16384,32,False,1.1767125527064006,0.0018894107818859776,4.727881136394682,0.0025120952955577417
Euclidean Linear + ReLU,16384,16384,32,False,1.555319497320387,0.0021972948408101314,4.7664013438754615,0.0025158980395179557
Euclidean Linear no bias + ReLU,16384,16384,32,False,1.1875607100400059,0.0021207733499265563,4.745906083480172,0.002406745731697904
Lorentz_FC (MLR),16384,16384,64,False,6.198752666006283,0.08193228815146107,19.0985571405162,0.007519822847432335
Lorentz_FC cached (MLR),16384,16384,64,False,2.202989793959118,0.0023629472965327435,6.967387029859755,0.00512153699080352
Lorentz_FC + ReLU,16384,16384,64,False,6.2360972774272065,0.10974871503830715,19.16166691158129,0.008397114879840304
Lorentz_FC cached + ReLU,16384,16384,64,False,2.1684616778759245,0.00268383273353112,7.028116847193519,0.004220019406203947
BdeirLorentzMLR,16384,16384,64,False,5.847745492723253,0.003956080630389752,25.852336332533095,0.009263848834043192
"ChenLinear (bias=F, norm=F)",16384,16384,64,False,2.6828101114793257,0.0030203565653503053,6.577914005102113,0.004948458161703823
"ChenLinear (bias=T, norm=T)",16384,16384,64,False,2.670831725952473,0.003610919065757666,6.982587718963623,0.005271932843141523
Poincare_Dist2Hyperplanes,16384,16384,64,False,4.966469808058306,0.004433550359365166,24.75115052136508,0.0077525814606059845
Poincare_Linear,16384,16384,64,False,5.0961977110968695,0.006999107207172989,25.212313630845813,0.00739789880144377
PoincareActivation (ReLU),16384,16384,64,False,0.4785214692962413,0.005711532544405726,0.8142760852549938,0.0040666891103807975
Euclidean Linear,16384,16384,64,False,2.4693061492659827,0.001724552058971049,6.4465920383279975,0.00357063535166205
Euclidean Linear no bias,16384,16384,64,False,2.6112436436592263,0.0031470031661096623,6.420569025951883,0.003533189099660538
Euclidean Linear + ReLU,16384,16384,64,False,2.4830665070077647,0.002430840231804923,6.468869462926337,0.004377561293311502
Euclidean Linear no bias + ReLU,16384,16384,64,False,2.6258192011650574,0.0031381420073049804,6.440241032458366,0.003923056512370641
Lorentz_FC (MLR),16384,16384,128,False,7.907562663157781,0.07932876967625066,22.672279513612086,0.007413578846993003
Lorentz_FC cached (MLR),16384,16384,128,False,3.926165387034416,0.003121273364365009,10.540800034999847,0.006561785935295301
Lorentz_FC + ReLU,16384,16384,128,False,7.963062860527817,0.1000990270635353,22.72576560144839,0.008459269303762602
Lorentz_FC cached + ReLU,16384,16384,128,False,3.8968647033610244,0.0042658943596415025,10.59826925967602,0.006872873079771534
BdeirLorentzMLR,16384,16384,128,False,7.942500176637069,0.008439287013488502,29.36869828597359,0.008151040178430114
"ChenLinear (bias=F, norm=F)",16384,16384,128,False,4.566903485192193,0.007803298098854699,10.107302997423256,0.005314767879654802
"ChenLinear (bias=T, norm=T)",16384,16384,128,False,4.7162323516348135,0.010464297709232118,10.517713351683183,0.005542769468072204
Poincare_Dist2Hyperplanes,16384,16384,128,False,6.70793456616609,0.006665962913033425,28.313463338216145,0.011193791951443379
Poincare_Linear,16384,16384,128,False,6.867077506106833,0.006227348183150949,28.7785889452154,0.008977177405448847
PoincareActivation (ReLU),16384,16384,128,False,0.48238759138146226,0.005795705800896429,0.8159944350304811,0.004268282534810997
Euclidean Linear,16384,16384,128,False,4.380497739670124,0.0051147995071116545,9.938987529024164,0.0037488387151045147
Euclidean Linear no bias,16384,16384,128,False,4.37919051596459,0.005296907135327165,9.907066448875096,0.0049322760608087185
Euclidean Linear + ReLU,16384,16384,128,False,4.399616013402524,0.0059585031655530534,9.959469477335611,0.002895959692742791
Euclidean Linear no bias + ReLU,16384,16384,128,False,4.393516478331192,0.0050107264600349226,9.926277596017588,0.004158631963260569
Lorentz_FC (MLR),16384,16384,256,False,11.787410230052714,0.09951477073476953,29.673088033994038,0.005998747455771207
Lorentz_FC cached (MLR),16384,16384,256,False,7.754773809554729,0.003618812904091927,17.5522969834348,0.004154633107592929
Lorentz_FC + ReLU,16384,16384,256,False,11.770921823929767,0.09135585954471398,29.74773419421652,0.006645576498169697
Lorentz_FC cached + ReLU,16384,16384,256,False,7.725753266760644,0.0029277417137070884,17.625929980807832,0.003952954392582235
BdeirLorentzMLR,16384,16384,256,False,11.2686970959539,0.002531608715514553,37.15607971840716,0.006432072013909607
"ChenLinear (bias=F, norm=F)",16384,16384,256,False,7.954017953669771,0.0034037567813984962,17.586895070177444,0.0045937554154054355
"ChenLinear (bias=T, norm=T)",16384,16384,256,False,8.16058286707452,0.003478124511328407,18.031725092137112,0.005545559536728199
Poincare_Dist2Hyperplanes,16384,16384,256,False,10.586329906544787,0.005108736563065049,35.413645642869014,0.005904886409877456
Poincare_Linear,16384,16384,256,False,10.863746764812063,0.004378273241667993,36.21729966868525,0.007566552111058164
PoincareActivation (ReLU),16384,16384,256,False,0.5128777160936472,0.005063265624751079,1.3134216044811493,0.002658777037858588
Euclidean Linear,16384,16384,256,False,7.761344075202942,0.0015203724772023784,17.323007933947505,0.0037865801746502707
Euclidean Linear no bias,16384,16384,256,False,7.741183916727702,0.0018519389906356493,17.291830346939413,0.0034761478289147885
Euclidean Linear + ReLU,16384,16384,256,False,7.78381791481605,0.0008236575637025764,17.349980577509452,0.003768313939928779
Euclidean Linear no bias + ReLU,16384,16384,256,False,7.762444589196182,0.0008192834700166607,17.31229019165039,0.003313511593981041
Lorentz_FC (MLR),16384,16384,512,False,18.7260968733807,0.09825630633215876,44.646933476130165,0.007631562153115305
Lorentz_FC cached (MLR),16384,16384,512,False,14.6910293896993,0.012854383760100641,32.51838891402535,0.003457484838321126
Lorentz_FC + ReLU,16384,16384,512,False,18.710568962097167,0.0765889170053559,44.680409938731096,0.006410379223922968
Lorentz_FC cached + ReLU,16384,16384,512,False,14.690816044807434,0.013858723125946526,32.55467406563137,0.0037776223219695803
BdeirLorentzMLR,16384,16384,512,False,19.615547910649727,0.005771943458674502,52.09549829911212,0.017122437665141835
"ChenLinear (bias=F, norm=F)",16384,16384,512,False,15.612260217251984,0.0033024442991214297,32.51044021953236,0.003219472177242716
"ChenLinear (bias=T, norm=T)",16384,16384,512,False,15.851039341517858,0.004843364344986702,33.29714086781377,0.0041425620658598955
Poincare_Dist2Hyperplanes,16384,16384,512,False,17.615416929456924,0.013371492094755166,51.09599702254586,0.011228618232651514
Poincare_Linear,16384,16384,512,False,18.186329012331754,0.01426866274737512,52.74585325453017,0.011370800112721504
PoincareActivation (ReLU),16384,16384,512,False,0.66791424036026,0.007211195679805911,2.627829699516296,0.02938687388360634
Euclidean Linear,16384,16384,512,False,15.615080483105718,0.010095292140950429,31.335695500276525,0.01893906763401465
Euclidean Linear no bias,16384,16384,512,False,15.59172256787618,0.004802664680398389,31.29813313484192,0.015585778145260543
Euclidean Linear + ReLU,16384,16384,512,False,15.664694420834804,0.00668927546578896,31.414497261047362,0.016109395644239407
Euclidean Linear no bias + ReLU,16384,16384,512,False,15.62833066781362,0.00903156726810411,31.36134421825409,0.016507763021264246
